<?xml version="1.0" encoding="utf-8"?>
<browserconfig>
  <msapplication>
    <tile>
      <square70x70logo src="assets/img/favicons/mstile-70x70.png?v=4770zqbYkq"/>
      <square150x150logo src="assets/img/favicons/mstile-150x150.png?v=4770zqbYkq"/>
      <square310x310logo src="assets/img/favicons/mstile-310x310.png?v=4770zqbYkq"/>
      <wide310x150logo src="assets/img/favicons/mstile-310x150.png?v=4770zqbYkq"/>
      <TileColor>#b91d47</TileColor>
    </tile>
  </msapplication>
</browserconfig>
